Workbook

Sheet MiniDataset
A1: Región | B1: Cultivo | C1: Campaña | D1: Sup. sembrada (ha) | E1: Sup. cosechada (ha) | F1: Producción (tm) | G1: Rendimiento regional (kg/ha) | H1: Rendimiento nacional (kg/ha) | J1: Fuente y notas
A2: Cuyo | B2: avena | C2: 2015/2016 | D2: 17550 | E2: 2200 | F2: 6320 | G2: 2872.73 | H2: 2309.44 | J2: Recorte de datos reales del dataset "Estimaciones agrícolas" (Datos Argentina), archivo Grilla_logica_.csv.
A3: Cuyo | B3: avena | C3: 2017/2018 | D3: 19480 | E3: 1830 | F3: 4105 | G3: 2243.17 | H3: 2251.44 | J3: Texto azul = datos de entrada (no se modifican por fórmula).
A4: Cuyo | B4: avena | C4: 2018/2019 | D4: 15400 | E4: 2100 | F4: 2560 | G4: 1219.05 | H4: 2400.13 | J4: Las filas están ordenadas por cultivo/región y campaña cronológica: el Clasificador compara cada fila con la inmediata anterior de la misma serie.
A5: Cuyo | B5: avena | C5: 2019/2020 | D5: 16160 | E5: 750 | F5: 1520 | G5: 2026.67 | H5: 1861.78 | J5: Las campañas son las disponibles en la serie (p. ej. 2015/2016 → 2017/2018 se consideran consecutivas).
A6: Cuyo | B6: avena | C6: 2020/2021 | D6: 14200 | E6: 1450 | F6: 1220 | G6: 841.38 | H6: 2094.53
A7: Cuyo | B7: avena | C7: 2021/2022 | D7: 15400 | E7: 1250 | F7: 2310 | G7: 1848 | H7: 2073.05
A8: Cuyo | B8: avena | C8: 2022/2023 | D8: 16300 | E8: 800 | F8: 1215 | G8: 1518.75 | H8: 1666.47
A9: Cuyo | B9: avena | C9: 2023/2024 | D9: 16000 | E9: 2150 | F9: 2880 | G9: 1339.53 | H9: 2035.55
A10: Cuyo | B10: avena | C10: 2024/2025 | D10: 16500 | E10: 1550 | F10: 2100 | G10: 1354.84 | H10: 1874.48
A11: NOA | B11: lenteja | C11: 2019/2020 | D11: 1350 | E11: 1350 | F11: 2025 | G11: 1500 | H11: 1047.71
A12: NOA | B12: lenteja | C12: 2020/2021 | D12: 1590 | E12: 1520 | F12: 1038 | G12: 682.89 | H12: 716.38
A13: NOA | B13: lenteja | C13: 2021/2022 | D13: 795 | E13: 795 | F13: 485 | G13: 610.06 | H13: 1787.57
A14: NOA | B14: lenteja | C14: 2022/2023 | D14: 675 | E14: 675 | F14: 473 | G14: 700.74 | H14: 433.11
A15: NOA | B15: lenteja | C15: 2023/2024 | D15: 445 | E15: 445 | F15: 326 | G15: 732.58 | H15: 1019.6
A16: NOA | B16: lenteja | C16: 2024/2025 | D16: 698 | E16: 698 | F16: 456 | G16: 653.3 | H16: 977.61

Sheet Clasificador
A1: Región | B1: Cultivo | C1: Campaña | D1: Tasa no cosechada | E1: P | F1: Q | G1: Caída producción | H1: Racha caídas | I1: R | J1: Foco crítico | K1: Explicación | L1: Incidencia de la caída | N1: Parámetros
A2: =MiniDataset!A2 -> Cuyo | B2: =MiniDataset!B2 -> avena | C2: =MiniDataset!C2 -> 2015/2016 | D2: =IF(MiniDataset!D2>0,(MiniDataset!D2-MiniDataset!E2)/MiniDataset!D2,0) -> 0.87464387 | E2: =D2>$O$2 -> TRUE | F2: =MiniDataset!G2<MiniDataset!H2 -> FALSE | G2: =AND(MiniDataset!A1=MiniDataset!A2,MiniDataset!B1=MiniDataset!B2,MiniDataset!F2<MiniDataset!F1) -> FALSE | H2: =IF(G2,H1+1,0) -> 0 | I2: =H2>=$O$3 -> FALSE | J2: =OR(AND(E2,F2),AND(E2,I2),AND(F2,I2)) -> FALSE | K2: ="P="&IF(E2,"V","F")&", Q="&IF(F2,"V","F")&", R="&IF(I2,"V","F")&" → "&IF(J2,"FOCO CRÍTICO: se cumplen "&_xlfn.TEXTJOIN(" y ",TRUE(),IF(E2,"P (superficie no cosechada > "&TEXT($O$2,"0%")&")",""),IF(F2,"Q (rendimiento < nacional)",""),IF(I2,"R ("&H2&" caídas consecutivas de producción)",""))&".","No es foco crítico: "&IF(E2+F2+I2=0,"no se cumple ninguna condición desfavorable.","solo se cumple "&_xlfn.TEXTJOIN("",TRUE(),IF(E2,"P (superficie no cosechada)",""),IF(F2,"Q (rendimiento < nacional)",""),IF(I2,"R (caídas consecutivas)",""))&".")) -> P=V, Q=F, R=F → No es foco crítico: solo se cumple P (superficie no cosechada). | L2: =IF(NOT(G2),"—",IF(AND(MiniDataset!E2<MiniDataset!E1,MiniDataset!G2<MiniDataset!G1),"Ambas (superficie y rendimiento)",IF(MiniDataset!E2<MiniDataset!E1,"Superficie cosechada",IF(MiniDataset!G2<MiniDataset!G1,"Rendimiento","Indeterminada")))) -> — | N2: Umbral P (tasa no cosechada >) | O2: 0.2
A3: =MiniDataset!A3 -> Cuyo | B3: =MiniDataset!B3 -> avena | C3: =MiniDataset!C3 -> 2017/2018 | D3: =IF(MiniDataset!D3>0,(MiniDataset!D3-MiniDataset!E3)/MiniDataset!D3,0) -> 0.90605749 | E3: =D3>$O$2 -> TRUE | F3: =MiniDataset!G3<MiniDataset!H3 -> TRUE | G3: =AND(MiniDataset!A2=MiniDataset!A3,MiniDataset!B2=MiniDataset!B3,MiniDataset!F3<MiniDataset!F2) -> TRUE | H3: =IF(G3,H2+1,0) -> 1 | I3: =H3>=$O$3 -> FALSE | J3: =OR(AND(E3,F3),AND(E3,I3),AND(F3,I3)) -> TRUE | K3: ="P="&IF(E3,"V","F")&", Q="&IF(F3,"V","F")&", R="&IF(I3,"V","F")&" → "&IF(J3,"FOCO CRÍTICO: se cumplen "&_xlfn.TEXTJOIN(" y ",TRUE(),IF(E3,"P (superficie no cosechada > "&TEXT($O$2,"0%")&")",""),IF(F3,"Q (rendimiento < nacional)",""),IF(I3,"R ("&H3&" caídas consecutivas de producción)",""))&".","No es foco crítico: "&IF(E3+F3+I3=0,"no se cumple ninguna condición desfavorable.","solo se cumple "&_xlfn.TEXTJOIN("",TRUE(),IF(E3,"P (superficie no cosechada)",""),IF(F3,"Q (rendimiento < nacional)",""),IF(I3,"R (caídas consecutivas)",""))&".")) -> P=V, Q=V, R=F → FOCO CRÍTICO: se cumplen P (superficie no cosechada > 20%) y Q (rendimiento < nacional). | L3: =IF(NOT(G3),"—",IF(AND(MiniDataset!E3<MiniDataset!E2,MiniDataset!G3<MiniDataset!G2),"Ambas (superficie y rendimiento)",IF(MiniDataset!E3<MiniDataset!E2,"Superficie cosechada",IF(MiniDataset!G3<MiniDataset!G2,"Rendimiento","Indeterminada")))) -> Ambas (superficie y rendimiento) | N3: Racha mínima R (caídas consecutivas ≥) | O3: 3
A4: =MiniDataset!A4 -> Cuyo | B4: =MiniDataset!B4 -> avena | C4: =MiniDataset!C4 -> 2018/2019 | D4: =IF(MiniDataset!D4>0,(MiniDataset!D4-MiniDataset!E4)/MiniDataset!D4,0) -> 0.86363636 | E4: =D4>$O$2 -> TRUE | F4: =MiniDataset!G4<MiniDataset!H4 -> TRUE | G4: =AND(MiniDataset!A3=MiniDataset!A4,MiniDataset!B3=MiniDataset!B4,MiniDataset!F4<MiniDataset!F3) -> TRUE | H4: =IF(G4,H3+1,0) -> 2 | I4: =H4>=$O$3 -> FALSE | J4: =OR(AND(E4,F4),AND(E4,I4),AND(F4,I4)) -> TRUE | K4: ="P="&IF(E4,"V","F")&", Q="&IF(F4,"V","F")&", R="&IF(I4,"V","F")&" → "&IF(J4,"FOCO CRÍTICO: se cumplen "&_xlfn.TEXTJOIN(" y ",TRUE(),IF(E4,"P (superficie no cosechada > "&TEXT($O$2,"0%")&")",""),IF(F4,"Q (rendimiento < nacional)",""),IF(I4,"R ("&H4&" caídas consecutivas de producción)",""))&".","No es foco crítico: "&IF(E4+F4+I4=0,"no se cumple ninguna condición desfavorable.","solo se cumple "&_xlfn.TEXTJOIN("",TRUE(),IF(E4,"P (superficie no cosechada)",""),IF(F4,"Q (rendimiento < nacional)",""),IF(I4,"R (caídas consecutivas)",""))&".")) -> P=V, Q=V, R=F → FOCO CRÍTICO: se cumplen P (superficie no cosechada > 20%) y Q (rendimiento < nacional). | L4: =IF(NOT(G4),"—",IF(AND(MiniDataset!E4<MiniDataset!E3,MiniDataset!G4<MiniDataset!G3),"Ambas (superficie y rendimiento)",IF(MiniDataset!E4<MiniDataset!E3,"Superficie cosechada",IF(MiniDataset!G4<MiniDataset!G3,"Rendimiento","Indeterminada")))) -> Rendimiento
A5: =MiniDataset!A5 -> Cuyo | B5: =MiniDataset!B5 -> avena | C5: =MiniDataset!C5 -> 2019/2020 | D5: =IF(MiniDataset!D5>0,(MiniDataset!D5-MiniDataset!E5)/MiniDataset!D5,0) -> 0.95358911 | E5: =D5>$O$2 -> TRUE | F5: =MiniDataset!G5<MiniDataset!H5 -> FALSE | G5: =AND(MiniDataset!A4=MiniDataset!A5,MiniDataset!B4=MiniDataset!B5,MiniDataset!F5<MiniDataset!F4) -> TRUE | H5: =IF(G5,H4+1,0) -> 3 | I5: =H5>=$O$3 -> TRUE | J5: =OR(AND(E5,F5),AND(E5,I5),AND(F5,I5)) -> TRUE | K5: ="P="&IF(E5,"V","F")&", Q="&IF(F5,"V","F")&", R="&IF(I5,"V","F")&" → "&IF(J5,"FOCO CRÍTICO: se cumplen "&_xlfn.TEXTJOIN(" y ",TRUE(),IF(E5,"P (superficie no cosechada > "&TEXT($O$2,"0%")&")",""),IF(F5,"Q (rendimiento < nacional)",""),IF(I5,"R ("&H5&" caídas consecutivas de producción)",""))&".","No es foco crítico: "&IF(E5+F5+I5=0,"no se cumple ninguna condición desfavorable.","solo se cumple "&_xlfn.TEXTJOIN("",TRUE(),IF(E5,"P (superficie no cosechada)",""),IF(F5,"Q (rendimiento < nacional)",""),IF(I5,"R (caídas consecutivas)",""))&".")) -> P=V, Q=F, R=V → FOCO CRÍTICO: se cumplen P (superficie no cosechada > 20%) y R (3 caídas consecutivas de producción). | L5: =IF(NOT(G5),"—",IF(AND(MiniDataset!E5<MiniDataset!E4,MiniDataset!G5<MiniDataset!G4),"Ambas (superficie y rendimiento)",IF(MiniDataset!E5<MiniDataset!E4,"Superficie cosechada",IF(MiniDataset!G5<MiniDataset!G4,"Rendimiento","Indeterminada")))) -> Superficie cosechada | N5: Fórmulas: P = tasa > umbral · Q = rend. regional < nacional · R = racha ≥ 3 · F = (P∧Q)∨(P∧R)∨(Q∧R)
A6: =MiniDataset!A6 -> Cuyo | B6: =MiniDataset!B6 -> avena | C6: =MiniDataset!C6 -> 2020/2021 | D6: =IF(MiniDataset!D6>0,(MiniDataset!D6-MiniDataset!E6)/MiniDataset!D6,0) -> 0.89788732 | E6: =D6>$O$2 -> TRUE | F6: =MiniDataset!G6<MiniDataset!H6 -> TRUE | G6: =AND(MiniDataset!A5=MiniDataset!A6,MiniDataset!B5=MiniDataset!B6,MiniDataset!F6<MiniDataset!F5) -> TRUE | H6: =IF(G6,H5+1,0) -> 4 | I6: =H6>=$O$3 -> TRUE | J6: =OR(AND(E6,F6),AND(E6,I6),AND(F6,I6)) -> TRUE | K6: ="P="&IF(E6,"V","F")&", Q="&IF(F6,"V","F")&", R="&IF(I6,"V","F")&" → "&IF(J6,"FOCO CRÍTICO: se cumplen "&_xlfn.TEXTJOIN(" y ",TRUE(),IF(E6,"P (superficie no cosechada > "&TEXT($O$2,"0%")&")",""),IF(F6,"Q (rendimiento < nacional)",""),IF(I6,"R ("&H6&" caídas consecutivas de producción)",""))&".","No es foco crítico: "&IF(E6+F6+I6=0,"no se cumple ninguna condición desfavorable.","solo se cumple "&_xlfn.TEXTJOIN("",TRUE(),IF(E6,"P (superficie no cosechada)",""),IF(F6,"Q (rendimiento < nacional)",""),IF(I6,"R (caídas consecutivas)",""))&".")) -> P=V, Q=V, R=V → FOCO CRÍTICO: se cumplen P (superficie no cosechada > 20%) y Q (rendimiento < nacional) y R (4 caídas consecutivas de producción). | L6: =IF(NOT(G6),"—",IF(AND(MiniDataset!E6<MiniDataset!E5,MiniDataset!G6<MiniDataset!G5),"Ambas (superficie y rendimiento)",IF(MiniDataset!E6<MiniDataset!E5,"Superficie cosechada",IF(MiniDataset!G6<MiniDataset!G5,"Rendimiento","Indeterminada")))) -> Rendimiento
A7: =MiniDataset!A7 -> Cuyo | B7: =MiniDataset!B7 -> avena | C7: =MiniDataset!C7 -> 2021/2022 | D7: =IF(MiniDataset!D7>0,(MiniDataset!D7-MiniDataset!E7)/MiniDataset!D7,0) -> 0.91883117 | E7: =D7>$O$2 -> TRUE | F7: =MiniDataset!G7<MiniDataset!H7 -> TRUE | G7: =AND(MiniDataset!A6=MiniDataset!A7,MiniDataset!B6=MiniDataset!B7,MiniDataset!F7<MiniDataset!F6) -> FALSE | H7: =IF(G7,H6+1,0) -> 0 | I7: =H7>=$O$3 -> FALSE | J7: =OR(AND(E7,F7),AND(E7,I7),AND(F7,I7)) -> TRUE | K7: ="P="&IF(E7,"V","F")&", Q="&IF(F7,"V","F")&", R="&IF(I7,"V","F")&" → "&IF(J7,"FOCO CRÍTICO: se cumplen "&_xlfn.TEXTJOIN(" y ",TRUE(),IF(E7,"P (superficie no cosechada > "&TEXT($O$2,"0%")&")",""),IF(F7,"Q (rendimiento < nacional)",""),IF(I7,"R ("&H7&" caídas consecutivas de producción)",""))&".","No es foco crítico: "&IF(E7+F7+I7=0,"no se cumple ninguna condición desfavorable.","solo se cumple "&_xlfn.TEXTJOIN("",TRUE(),IF(E7,"P (superficie no cosechada)",""),IF(F7,"Q (rendimiento < nacional)",""),IF(I7,"R (caídas consecutivas)",""))&".")) -> P=V, Q=V, R=F → FOCO CRÍTICO: se cumplen P (superficie no cosechada > 20%) y Q (rendimiento < nacional). | L7: =IF(NOT(G7),"—",IF(AND(MiniDataset!E7<MiniDataset!E6,MiniDataset!G7<MiniDataset!G6),"Ambas (superficie y rendimiento)",IF(MiniDataset!E7<MiniDataset!E6,"Superficie cosechada",IF(MiniDataset!G7<MiniDataset!G6,"Rendimiento","Indeterminada")))) -> —
A8: =MiniDataset!A8 -> Cuyo | B8: =MiniDataset!B8 -> avena | C8: =MiniDataset!C8 -> 2022/2023 | D8: =IF(MiniDataset!D8>0,(MiniDataset!D8-MiniDataset!E8)/MiniDataset!D8,0) -> 0.95092025 | E8: =D8>$O$2 -> TRUE | F8: =MiniDataset!G8<MiniDataset!H8 -> TRUE | G8: =AND(MiniDataset!A7=MiniDataset!A8,MiniDataset!B7=MiniDataset!B8,MiniDataset!F8<MiniDataset!F7) -> TRUE | H8: =IF(G8,H7+1,0) -> 1 | I8: =H8>=$O$3 -> FALSE | J8: =OR(AND(E8,F8),AND(E8,I8),AND(F8,I8)) -> TRUE | K8: ="P="&IF(E8,"V","F")&", Q="&IF(F8,"V","F")&", R="&IF(I8,"V","F")&" → "&IF(J8,"FOCO CRÍTICO: se cumplen "&_xlfn.TEXTJOIN(" y ",TRUE(),IF(E8,"P (superficie no cosechada > "&TEXT($O$2,"0%")&")",""),IF(F8,"Q (rendimiento < nacional)",""),IF(I8,"R ("&H8&" caídas consecutivas de producción)",""))&".","No es foco crítico: "&IF(E8+F8+I8=0,"no se cumple ninguna condición desfavorable.","solo se cumple "&_xlfn.TEXTJOIN("",TRUE(),IF(E8,"P (superficie no cosechada)",""),IF(F8,"Q (rendimiento < nacional)",""),IF(I8,"R (caídas consecutivas)",""))&".")) -> P=V, Q=V, R=F → FOCO CRÍTICO: se cumplen P (superficie no cosechada > 20%) y Q (rendimiento < nacional). | L8: =IF(NOT(G8),"—",IF(AND(MiniDataset!E8<MiniDataset!E7,MiniDataset!G8<MiniDataset!G7),"Ambas (superficie y rendimiento)",IF(MiniDataset!E8<MiniDataset!E7,"Superficie cosechada",IF(MiniDataset!G8<MiniDataset!G7,"Rendimiento","Indeterminada")))) -> Ambas (superficie y rendimiento)
A9: =MiniDataset!A9 -> Cuyo | B9: =MiniDataset!B9 -> avena | C9: =MiniDataset!C9 -> 2023/2024 | D9: =IF(MiniDataset!D9>0,(MiniDataset!D9-MiniDataset!E9)/MiniDataset!D9,0) -> 0.865625 | E9: =D9>$O$2 -> TRUE | F9: =MiniDataset!G9<MiniDataset!H9 -> TRUE | G9: =AND(MiniDataset!A8=MiniDataset!A9,MiniDataset!B8=MiniDataset!B9,MiniDataset!F9<MiniDataset!F8) -> FALSE | H9: =IF(G9,H8+1,0) -> 0 | I9: =H9>=$O$3 -> FALSE | J9: =OR(AND(E9,F9),AND(E9,I9),AND(F9,I9)) -> TRUE | K9: ="P="&IF(E9,"V","F")&", Q="&IF(F9,"V","F")&", R="&IF(I9,"V","F")&" → "&IF(J9,"FOCO CRÍTICO: se cumplen "&_xlfn.TEXTJOIN(" y ",TRUE(),IF(E9,"P (superficie no cosechada > "&TEXT($O$2,"0%")&")",""),IF(F9,"Q (rendimiento < nacional)",""),IF(I9,"R ("&H9&" caídas consecutivas de producción)",""))&".","No es foco crítico: "&IF(E9+F9+I9=0,"no se cumple ninguna condición desfavorable.","solo se cumple "&_xlfn.TEXTJOIN("",TRUE(),IF(E9,"P (superficie no cosechada)",""),IF(F9,"Q (rendimiento < nacional)",""),IF(I9,"R (caídas consecutivas)",""))&".")) -> P=V, Q=V, R=F → FOCO CRÍTICO: se cumplen P (superficie no cosechada > 20%) y Q (rendimiento < nacional). | L9: =IF(NOT(G9),"—",IF(AND(MiniDataset!E9<MiniDataset!E8,MiniDataset!G9<MiniDataset!G8),"Ambas (superficie y rendimiento)",IF(MiniDataset!E9<MiniDataset!E8,"Superficie cosechada",IF(MiniDataset!G9<MiniDataset!G8,"Rendimiento","Indeterminada")))) -> —
A10: =MiniDataset!A10 -> Cuyo | B10: =MiniDataset!B10 -> avena | C10: =MiniDataset!C10 -> 2024/2025 | D10: =IF(MiniDataset!D10>0,(MiniDataset!D10-MiniDataset!E10)/MiniDataset!D10,0) -> 0.90606061 | E10: =D10>$O$2 -> TRUE | F10: =MiniDataset!G10<MiniDataset!H10 -> TRUE | G10: =AND(MiniDataset!A9=MiniDataset!A10,MiniDataset!B9=MiniDataset!B10,MiniDataset!F10<MiniDataset!F9) -> TRUE | H10: =IF(G10,H9+1,0) -> 1 | I10: =H10>=$O$3 -> FALSE | J10: =OR(AND(E10,F10),AND(E10,I10),AND(F10,I10)) -> TRUE | K10: ="P="&IF(E10,"V","F")&", Q="&IF(F10,"V","F")&", R="&IF(I10,"V","F")&" → "&IF(J10,"FOCO CRÍTICO: se cumplen "&_xlfn.TEXTJOIN(" y ",TRUE(),IF(E10,"P (superficie no cosechada > "&TEXT($O$2,"0%")&")",""),IF(F10,"Q (rendimiento < nacional)",""),IF(I10,"R ("&H10&" caídas consecutivas de producción)",""))&".","No es foco crítico: "&IF(E10+F10+I10=0,"no se cumple ninguna condición desfavorable.","solo se cumple "&_xlfn.TEXTJOIN("",TRUE(),IF(E10,"P (superficie no cosechada)",""),IF(F10,"Q (rendimiento < nacional)",""),IF(I10,"R (caídas consecutivas)",""))&".")) -> P=V, Q=V, R=F → FOCO CRÍTICO: se cumplen P (superficie no cosechada > 20%) y Q (rendimiento < nacional). | L10: =IF(NOT(G10),"—",IF(AND(MiniDataset!E10<MiniDataset!E9,MiniDataset!G10<MiniDataset!G9),"Ambas (superficie y rendimiento)",IF(MiniDataset!E10<MiniDataset!E9,"Superficie cosechada",IF(MiniDataset!G10<MiniDataset!G9,"Rendimiento","Indeterminada")))) -> Superficie cosechada
A11: =MiniDataset!A11 -> NOA | B11: =MiniDataset!B11 -> lenteja | C11: =MiniDataset!C11 -> 2019/2020 | D11: =IF(MiniDataset!D11>0,(MiniDataset!D11-MiniDataset!E11)/MiniDataset!D11,0) -> 0 | E11: =D11>$O$2 -> FALSE | F11: =MiniDataset!G11<MiniDataset!H11 -> FALSE | G11: =AND(MiniDataset!A10=MiniDataset!A11,MiniDataset!B10=MiniDataset!B11,MiniDataset!F11<MiniDataset!F10) -> FALSE | H11: =IF(G11,H10+1,0) -> 0 | I11: =H11>=$O$3 -> FALSE | J11: =OR(AND(E11,F11),AND(E11,I11),AND(F11,I11)) -> FALSE | K11: ="P="&IF(E11,"V","F")&", Q="&IF(F11,"V","F")&", R="&IF(I11,"V","F")&" → "&IF(J11,"FOCO CRÍTICO: se cumplen "&_xlfn.TEXTJOIN(" y ",TRUE(),IF(E11,"P (superficie no cosechada > "&TEXT($O$2,"0%")&")",""),IF(F11,"Q (rendimiento < nacional)",""),IF(I11,"R ("&H11&" caídas consecutivas de producción)",""))&".","No es foco crítico: "&IF(E11+F11+I11=0,"no se cumple ninguna condición desfavorable.","solo se cumple "&_xlfn.TEXTJOIN("",TRUE(),IF(E11,"P (superficie no cosechada)",""),IF(F11,"Q (rendimiento < nacional)",""),IF(I11,"R (caídas consecutivas)",""))&".")) -> P=F, Q=F, R=F → No es foco crítico: no se cumple ninguna condición desfavorable. | L11: =IF(NOT(G11),"—",IF(AND(MiniDataset!E11<MiniDataset!E10,MiniDataset!G11<MiniDataset!G10),"Ambas (superficie y rendimiento)",IF(MiniDataset!E11<MiniDataset!E10,"Superficie cosechada",IF(MiniDataset!G11<MiniDataset!G10,"Rendimiento","Indeterminada")))) -> —
A12: =MiniDataset!A12 -> NOA | B12: =MiniDataset!B12 -> lenteja | C12: =MiniDataset!C12 -> 2020/2021 | D12: =IF(MiniDataset!D12>0,(MiniDataset!D12-MiniDataset!E12)/MiniDataset!D12,0) -> 0.044025157 | E12: =D12>$O$2 -> FALSE | F12: =MiniDataset!G12<MiniDataset!H12 -> TRUE | G12: =AND(MiniDataset!A11=MiniDataset!A12,MiniDataset!B11=MiniDataset!B12,MiniDataset!F12<MiniDataset!F11) -> TRUE | H12: =IF(G12,H11+1,0) -> 1 | I12: =H12>=$O$3 -> FALSE | J12: =OR(AND(E12,F12),AND(E12,I12),AND(F12,I12)) -> FALSE | K12: ="P="&IF(E12,"V","F")&", Q="&IF(F12,"V","F")&", R="&IF(I12,"V","F")&" → "&IF(J12,"FOCO CRÍTICO: se cumplen "&_xlfn.TEXTJOIN(" y ",TRUE(),IF(E12,"P (superficie no cosechada > "&TEXT($O$2,"0%")&")",""),IF(F12,"Q (rendimiento < nacional)",""),IF(I12,"R ("&H12&" caídas consecutivas de producción)",""))&".","No es foco crítico: "&IF(E12+F12+I12=0,"no se cumple ninguna condición desfavorable.","solo se cumple "&_xlfn.TEXTJOIN("",TRUE(),IF(E12,"P (superficie no cosechada)",""),IF(F12,"Q (rendimiento < nacional)",""),IF(I12,"R (caídas consecutivas)",""))&".")) -> P=F, Q=V, R=F → No es foco crítico: solo se cumple Q (rendimiento < nacional). | L12: =IF(NOT(G12),"—",IF(AND(MiniDataset!E12<MiniDataset!E11,MiniDataset!G12<MiniDataset!G11),"Ambas (superficie y rendimiento)",IF(MiniDataset!E12<MiniDataset!E11,"Superficie cosechada",IF(MiniDataset!G12<MiniDataset!G11,"Rendimiento","Indeterminada")))) -> Rendimiento
A13: =MiniDataset!A13 -> NOA | B13: =MiniDataset!B13 -> lenteja | C13: =MiniDataset!C13 -> 2021/2022 | D13: =IF(MiniDataset!D13>0,(MiniDataset!D13-MiniDataset!E13)/MiniDataset!D13,0) -> 0 | E13: =D13>$O$2 -> FALSE | F13: =MiniDataset!G13<MiniDataset!H13 -> TRUE | G13: =AND(MiniDataset!A12=MiniDataset!A13,MiniDataset!B12=MiniDataset!B13,MiniDataset!F13<MiniDataset!F12) -> TRUE | H13: =IF(G13,H12+1,0) -> 2 | I13: =H13>=$O$3 -> FALSE | J13: =OR(AND(E13,F13),AND(E13,I13),AND(F13,I13)) -> FALSE | K13: ="P="&IF(E13,"V","F")&", Q="&IF(F13,"V","F")&", R="&IF(I13,"V","F")&" → "&IF(J13,"FOCO CRÍTICO: se cumplen "&_xlfn.TEXTJOIN(" y ",TRUE(),IF(E13,"P (superficie no cosechada > "&TEXT($O$2,"0%")&")",""),IF(F13,"Q (rendimiento < nacional)",""),IF(I13,"R ("&H13&" caídas consecutivas de producción)",""))&".","No es foco crítico: "&IF(E13+F13+I13=0,"no se cumple ninguna condición desfavorable.","solo se cumple "&_xlfn.TEXTJOIN("",TRUE(),IF(E13,"P (superficie no cosechada)",""),IF(F13,"Q (rendimiento < nacional)",""),IF(I13,"R (caídas consecutivas)",""))&".")) -> P=F, Q=V, R=F → No es foco crítico: solo se cumple Q (rendimiento < nacional). | L13: =IF(NOT(G13),"—",IF(AND(MiniDataset!E13<MiniDataset!E12,MiniDataset!G13<MiniDataset!G12),"Ambas (superficie y rendimiento)",IF(MiniDataset!E13<MiniDataset!E12,"Superficie cosechada",IF(MiniDataset!G13<MiniDataset!G12,"Rendimiento","Indeterminada")))) -> Ambas (superficie y rendimiento)
A14: =MiniDataset!A14 -> NOA | B14: =MiniDataset!B14 -> lenteja | C14: =MiniDataset!C14 -> 2022/2023 | D14: =IF(MiniDataset!D14>0,(MiniDataset!D14-MiniDataset!E14)/MiniDataset!D14,0) -> 0 | E14: =D14>$O$2 -> FALSE | F14: =MiniDataset!G14<MiniDataset!H14 -> FALSE | G14: =AND(MiniDataset!A13=MiniDataset!A14,MiniDataset!B13=MiniDataset!B14,MiniDataset!F14<MiniDataset!F13) -> TRUE | H14: =IF(G14,H13+1,0) -> 3 | I14: =H14>=$O$3 -> TRUE | J14: =OR(AND(E14,F14),AND(E14,I14),AND(F14,I14)) -> FALSE | K14: ="P="&IF(E14,"V","F")&", Q="&IF(F14,"V","F")&", R="&IF(I14,"V","F")&" → "&IF(J14,"FOCO CRÍTICO: se cumplen "&_xlfn.TEXTJOIN(" y ",TRUE(),IF(E14,"P (superficie no cosechada > "&TEXT($O$2,"0%")&")",""),IF(F14,"Q (rendimiento < nacional)",""),IF(I14,"R ("&H14&" caídas consecutivas de producción)",""))&".","No es foco crítico: "&IF(E14+F14+I14=0,"no se cumple ninguna condición desfavorable.","solo se cumple "&_xlfn.TEXTJOIN("",TRUE(),IF(E14,"P (superficie no cosechada)",""),IF(F14,"Q (rendimiento < nacional)",""),IF(I14,"R (caídas consecutivas)",""))&".")) -> P=F, Q=F, R=V → No es foco crítico: solo se cumple R (caídas consecutivas). | L14: =IF(NOT(G14),"—",IF(AND(MiniDataset!E14<MiniDataset!E13,MiniDataset!G14<MiniDataset!G13),"Ambas (superficie y rendimiento)",IF(MiniDataset!E14<MiniDataset!E13,"Superficie cosechada",IF(MiniDataset!G14<MiniDataset!G13,"Rendimiento","Indeterminada")))) -> Superficie cosechada
A15: =MiniDataset!A15 -> NOA | B15: =MiniDataset!B15 -> lenteja | C15: =MiniDataset!C15 -> 2023/2024 | D15: =IF(MiniDataset!D15>0,(MiniDataset!D15-MiniDataset!E15)/MiniDataset!D15,0) -> 0 | E15: =D15>$O$2 -> FALSE | F15: =MiniDataset!G15<MiniDataset!H15 -> TRUE | G15: =AND(MiniDataset!A14=MiniDataset!A15,MiniDataset!B14=MiniDataset!B15,MiniDataset!F15<MiniDataset!F14) -> TRUE | H15: =IF(G15,H14+1,0) -> 4 | I15: =H15>=$O$3 -> TRUE | J15: =OR(AND(E15,F15),AND(E15,I15),AND(F15,I15)) -> TRUE | K15: ="P="&IF(E15,"V","F")&", Q="&IF(F15,"V","F")&", R="&IF(I15,"V","F")&" → "&IF(J15,"FOCO CRÍTICO: se cumplen "&_xlfn.TEXTJOIN(" y ",TRUE(),IF(E15,"P (superficie no cosechada > "&TEXT($O$2,"0%")&")",""),IF(F15,"Q (rendimiento < nacional)",""),IF(I15,"R ("&H15&" caídas consecutivas de producción)",""))&".","No es foco crítico: "&IF(E15+F15+I15=0,"no se cumple ninguna condición desfavorable.","solo se cumple "&_xlfn.TEXTJOIN("",TRUE(),IF(E15,"P (superficie no cosechada)",""),IF(F15,"Q (rendimiento < nacional)",""),IF(I15,"R (caídas consecutivas)",""))&".")) -> P=F, Q=V, R=V → FOCO CRÍTICO: se cumplen Q (rendimiento < nacional) y R (4 caídas consecutivas de producción). | L15: =IF(NOT(G15),"—",IF(AND(MiniDataset!E15<MiniDataset!E14,MiniDataset!G15<MiniDataset!G14),"Ambas (superficie y rendimiento)",IF(MiniDataset!E15<MiniDataset!E14,"Superficie cosechada",IF(MiniDataset!G15<MiniDataset!G14,"Rendimiento","Indeterminada")))) -> Superficie cosechada
A16: =MiniDataset!A16 -> NOA | B16: =MiniDataset!B16 -> lenteja | C16: =MiniDataset!C16 -> 2024/2025 | D16: =IF(MiniDataset!D16>0,(MiniDataset!D16-MiniDataset!E16)/MiniDataset!D16,0) -> 0 | E16: =D16>$O$2 -> FALSE | F16: =MiniDataset!G16<MiniDataset!H16 -> TRUE | G16: =AND(MiniDataset!A15=MiniDataset!A16,MiniDataset!B15=MiniDataset!B16,MiniDataset!F16<MiniDataset!F15) -> FALSE | H16: =IF(G16,H15+1,0) -> 0 | I16: =H16>=$O$3 -> FALSE | J16: =OR(AND(E16,F16),AND(E16,I16),AND(F16,I16)) -> FALSE | K16: ="P="&IF(E16,"V","F")&", Q="&IF(F16,"V","F")&", R="&IF(I16,"V","F")&" → "&IF(J16,"FOCO CRÍTICO: se cumplen "&_xlfn.TEXTJOIN(" y ",TRUE(),IF(E16,"P (superficie no cosechada > "&TEXT($O$2,"0%")&")",""),IF(F16,"Q (rendimiento < nacional)",""),IF(I16,"R ("&H16&" caídas consecutivas de producción)",""))&".","No es foco crítico: "&IF(E16+F16+I16=0,"no se cumple ninguna condición desfavorable.","solo se cumple "&_xlfn.TEXTJOIN("",TRUE(),IF(E16,"P (superficie no cosechada)",""),IF(F16,"Q (rendimiento < nacional)",""),IF(I16,"R (caídas consecutivas)",""))&".")) -> P=F, Q=V, R=F → No es foco crítico: solo se cumple Q (rendimiento < nacional). | L16: =IF(NOT(G16),"—",IF(AND(MiniDataset!E16<MiniDataset!E15,MiniDataset!G16<MiniDataset!G15),"Ambas (superficie y rendimiento)",IF(MiniDataset!E16<MiniDataset!E15,"Superficie cosechada",IF(MiniDataset!G16<MiniDataset!G15,"Rendimiento","Indeterminada")))) -> —

Sheet Validación lógica
A1: Validación lógica: tabla de verdad vs. casos reales del dataset
A2: Regla: F = (P ∧ Q) ∨ (P ∧ R) ∨ (Q ∧ R). Texto azul = datos de entrada.
A4: P | B4: Q | C4: R | D4: F esperado | E4: Cultivo | F4: Región | G4: Campaña | H4: Fila en Clasificador | I4: P obtenido | J4: Q obtenido | K4: R obtenido | L4: F obtenido | M4: ¿Coincide?
A5: =FALSE() -> FALSE | B5: =FALSE() -> FALSE | C5: =FALSE() -> FALSE | D5: =OR(AND(A5,B5),AND(A5,C5),AND(B5,C5)) -> FALSE | E5: lenteja | F5: NOA | G5: 2019/2020 | H5: =SUMPRODUCT((Clasificador!$B$2:$B$16=E5)*(Clasificador!$A$2:$A$16=F5)*(Clasificador!$C$2:$C$16=G5)*ROW(Clasificador!$A$2:$A$16)) -> 11 | I5: =INDEX(Clasificador!$E:$E,H5) -> FALSE | J5: =INDEX(Clasificador!$F:$F,H5) -> FALSE | K5: =INDEX(Clasificador!$I:$I,H5) -> FALSE | L5: =INDEX(Clasificador!$J:$J,H5) -> FALSE | M5: =IF(AND(I5=A5,J5=B5,K5=C5,L5=D5),"OK","REVISAR") -> OK
A6: =FALSE() -> FALSE | B6: =FALSE() -> FALSE | C6: =TRUE() -> TRUE | D6: =OR(AND(A6,B6),AND(A6,C6),AND(B6,C6)) -> FALSE | E6: lenteja | F6: NOA | G6: 2022/2023 | H6: =SUMPRODUCT((Clasificador!$B$2:$B$16=E6)*(Clasificador!$A$2:$A$16=F6)*(Clasificador!$C$2:$C$16=G6)*ROW(Clasificador!$A$2:$A$16)) -> 14 | I6: =INDEX(Clasificador!$E:$E,H6) -> FALSE | J6: =INDEX(Clasificador!$F:$F,H6) -> FALSE | K6: =INDEX(Clasificador!$I:$I,H6) -> TRUE | L6: =INDEX(Clasificador!$J:$J,H6) -> FALSE | M6: =IF(AND(I6=A6,J6=B6,K6=C6,L6=D6),"OK","REVISAR") -> OK
A7: =FALSE() -> FALSE | B7: =TRUE() -> TRUE | C7: =FALSE() -> FALSE | D7: =OR(AND(A7,B7),AND(A7,C7),AND(B7,C7)) -> FALSE | E7: lenteja | F7: NOA | G7: 2020/2021 | H7: =SUMPRODUCT((Clasificador!$B$2:$B$16=E7)*(Clasificador!$A$2:$A$16=F7)*(Clasificador!$C$2:$C$16=G7)*ROW(Clasificador!$A$2:$A$16)) -> 12 | I7: =INDEX(Clasificador!$E:$E,H7) -> FALSE | J7: =INDEX(Clasificador!$F:$F,H7) -> TRUE | K7: =INDEX(Clasificador!$I:$I,H7) -> FALSE | L7: =INDEX(Clasificador!$J:$J,H7) -> FALSE | M7: =IF(AND(I7=A7,J7=B7,K7=C7,L7=D7),"OK","REVISAR") -> OK
A8: =FALSE() -> FALSE | B8: =TRUE() -> TRUE | C8: =TRUE() -> TRUE | D8: =OR(AND(A8,B8),AND(A8,C8),AND(B8,C8)) -> TRUE | E8: lenteja | F8: NOA | G8: 2023/2024 | H8: =SUMPRODUCT((Clasificador!$B$2:$B$16=E8)*(Clasificador!$A$2:$A$16=F8)*(Clasificador!$C$2:$C$16=G8)*ROW(Clasificador!$A$2:$A$16)) -> 15 | I8: =INDEX(Clasificador!$E:$E,H8) -> FALSE | J8: =INDEX(Clasificador!$F:$F,H8) -> TRUE | K8: =INDEX(Clasificador!$I:$I,H8) -> TRUE | L8: =INDEX(Clasificador!$J:$J,H8) -> TRUE | M8: =IF(AND(I8=A8,J8=B8,K8=C8,L8=D8),"OK","REVISAR") -> OK
A9: =TRUE() -> TRUE | B9: =FALSE() -> FALSE | C9: =FALSE() -> FALSE | D9: =OR(AND(A9,B9),AND(A9,C9),AND(B9,C9)) -> FALSE | E9: avena | F9: Cuyo | G9: 2015/2016 | H9: =SUMPRODUCT((Clasificador!$B$2:$B$16=E9)*(Clasificador!$A$2:$A$16=F9)*(Clasificador!$C$2:$C$16=G9)*ROW(Clasificador!$A$2:$A$16)) -> 2 | I9: =INDEX(Clasificador!$E:$E,H9) -> TRUE | J9: =INDEX(Clasificador!$F:$F,H9) -> FALSE | K9: =INDEX(Clasificador!$I:$I,H9) -> FALSE | L9: =INDEX(Clasificador!$J:$J,H9) -> FALSE | M9: =IF(AND(I9=A9,J9=B9,K9=C9,L9=D9),"OK","REVISAR") -> OK
A10: =TRUE() -> TRUE | B10: =FALSE() -> FALSE | C10: =TRUE() -> TRUE | D10: =OR(AND(A10,B10),AND(A10,C10),AND(B10,C10)) -> TRUE | E10: avena | F10: Cuyo | G10: 2019/2020 | H10: =SUMPRODUCT((Clasificador!$B$2:$B$16=E10)*(Clasificador!$A$2:$A$16=F10)*(Clasificador!$C$2:$C$16=G10)*ROW(Clasificador!$A$2:$A$16)) -> 5 | I10: =INDEX(Clasificador!$E:$E,H10) -> TRUE | J10: =INDEX(Clasificador!$F:$F,H10) -> FALSE | K10: =INDEX(Clasificador!$I:$I,H10) -> TRUE | L10: =INDEX(Clasificador!$J:$J,H10) -> TRUE | M10: =IF(AND(I10=A10,J10=B10,K10=C10,L10=D10),"OK","REVISAR") -> OK
A11: =TRUE() -> TRUE | B11: =TRUE() -> TRUE | C11: =FALSE() -> FALSE | D11: =OR(AND(A11,B11),AND(A11,C11),AND(B11,C11)) -> TRUE | E11: avena | F11: Cuyo | G11: 2017/2018 | H11: =SUMPRODUCT((Clasificador!$B$2:$B$16=E11)*(Clasificador!$A$2:$A$16=F11)*(Clasificador!$C$2:$C$16=G11)*ROW(Clasificador!$A$2:$A$16)) -> 3 | I11: =INDEX(Clasificador!$E:$E,H11) -> TRUE | J11: =INDEX(Clasificador!$F:$F,H11) -> TRUE | K11: =INDEX(Clasificador!$I:$I,H11) -> FALSE | L11: =INDEX(Clasificador!$J:$J,H11) -> TRUE | M11: =IF(AND(I11=A11,J11=B11,K11=C11,L11=D11),"OK","REVISAR") -> OK
A12: =TRUE() -> TRUE | B12: =TRUE() -> TRUE | C12: =TRUE() -> TRUE | D12: =OR(AND(A12,B12),AND(A12,C12),AND(B12,C12)) -> TRUE | E12: avena | F12: Cuyo | G12: 2020/2021 | H12: =SUMPRODUCT((Clasificador!$B$2:$B$16=E12)*(Clasificador!$A$2:$A$16=F12)*(Clasificador!$C$2:$C$16=G12)*ROW(Clasificador!$A$2:$A$16)) -> 6 | I12: =INDEX(Clasificador!$E:$E,H12) -> TRUE | J12: =INDEX(Clasificador!$F:$F,H12) -> TRUE | K12: =INDEX(Clasificador!$I:$I,H12) -> TRUE | L12: =INDEX(Clasificador!$J:$J,H12) -> TRUE | M12: =IF(AND(I12=A12,J12=B12,K12=C12,L12=D12),"OK","REVISAR") -> OK
A14: Resultado: | B14: =COUNTIF(M5:M12,"OK")&" de "&ROWS(M5:M12)&" combinaciones de la tabla de verdad verificadas con casos reales" -> 8 de 8 combinaciones de la tabla de verdad verificadas con casos reales
A17: Control cruzado: las 15 filas del Clasificador vs. columnas P_BD, Q_BD, R_BD y foco_critico_esperado del CSV original
A18: Región | B18: Cultivo | C18: Campaña | D18: P (Excel) | E18: Q (Excel) | F18: R (Excel) | G18: F (Excel) | H18: P (CSV) | I18: Q (CSV) | J18: R (CSV) | K18: F esperado (CSV) | L18: ¿Coincide?
A19: =Clasificador!A2 -> Cuyo | B19: =Clasificador!B2 -> avena | C19: =Clasificador!C2 -> 2015/2016 | D19: =Clasificador!E2 -> TRUE | E19: =Clasificador!F2 -> FALSE | F19: =Clasificador!I2 -> FALSE | G19: =Clasificador!J2 -> FALSE | H19: =TRUE() -> TRUE | I19: =FALSE() -> FALSE | J19: =FALSE() -> FALSE | K19: =FALSE() -> FALSE | L19: =IF(AND(D19=H19,E19=I19,F19=J19,G19=K19),"OK","REVISAR") -> OK
A20: =Clasificador!A3 -> Cuyo | B20: =Clasificador!B3 -> avena | C20: =Clasificador!C3 -> 2017/2018 | D20: =Clasificador!E3 -> TRUE | E20: =Clasificador!F3 -> TRUE | F20: =Clasificador!I3 -> FALSE | G20: =Clasificador!J3 -> TRUE | H20: =TRUE() -> TRUE | I20: =TRUE() -> TRUE | J20: =FALSE() -> FALSE | K20: =TRUE() -> TRUE | L20: =IF(AND(D20=H20,E20=I20,F20=J20,G20=K20),"OK","REVISAR") -> OK
A21: =Clasificador!A4 -> Cuyo | B21: =Clasificador!B4 -> avena | C21: =Clasificador!C4 -> 2018/2019 | D21: =Clasificador!E4 -> TRUE | E21: =Clasificador!F4 -> TRUE | F21: =Clasificador!I4 -> FALSE | G21: =Clasificador!J4 -> TRUE | H21: =TRUE() -> TRUE | I21: =TRUE() -> TRUE | J21: =FALSE() -> FALSE | K21: =TRUE() -> TRUE | L21: =IF(AND(D21=H21,E21=I21,F21=J21,G21=K21),"OK","REVISAR") -> OK
A22: =Clasificador!A5 -> Cuyo | B22: =Clasificador!B5 -> avena | C22: =Clasificador!C5 -> 2019/2020 | D22: =Clasificador!E5 -> TRUE | E22: =Clasificador!F5 -> FALSE | F22: =Clasificador!I5 -> TRUE | G22: =Clasificador!J5 -> TRUE | H22: =TRUE() -> TRUE | I22: =FALSE() -> FALSE | J22: =TRUE() -> TRUE | K22: =TRUE() -> TRUE | L22: =IF(AND(D22=H22,E22=I22,F22=J22,G22=K22),"OK","REVISAR") -> OK
A23: =Clasificador!A6 -> Cuyo | B23: =Clasificador!B6 -> avena | C23: =Clasificador!C6 -> 2020/2021 | D23: =Clasificador!E6 -> TRUE | E23: =Clasificador!F6 -> TRUE | F23: =Clasificador!I6 -> TRUE | G23: =Clasificador!J6 -> TRUE | H23: =TRUE() -> TRUE | I23: =TRUE() -> TRUE | J23: =TRUE() -> TRUE | K23: =TRUE() -> TRUE | L23: =IF(AND(D23=H23,E23=I23,F23=J23,G23=K23),"OK","REVISAR") -> OK
A24: =Clasificador!A7 -> Cuyo | B24: =Clasificador!B7 -> avena | C24: =Clasificador!C7 -> 2021/2022 | D24: =Clasificador!E7 -> TRUE | E24: =Clasificador!F7 -> TRUE | F24: =Clasificador!I7 -> FALSE | G24: =Clasificador!J7 -> TRUE | H24: =TRUE() -> TRUE | I24: =TRUE() -> TRUE | J24: =FALSE() -> FALSE | K24: =TRUE() -> TRUE | L24: =IF(AND(D24=H24,E24=I24,F24=J24,G24=K24),"OK","REVISAR") -> OK
A25: =Clasificador!A8 -> Cuyo | B25: =Clasificador!B8 -> avena | C25: =Clasificador!C8 -> 2022/2023 | D25: =Clasificador!E8 -> TRUE | E25: =Clasificador!F8 -> TRUE | F25: =Clasificador!I8 -> FALSE | G25: =Clasificador!J8 -> TRUE | H25: =TRUE() -> TRUE | I25: =TRUE() -> TRUE | J25: =FALSE() -> FALSE | K25: =TRUE() -> TRUE | L25: =IF(AND(D25=H25,E25=I25,F25=J25,G25=K25),"OK","REVISAR") -> OK
A26: =Clasificador!A9 -> Cuyo | B26: =Clasificador!B9 -> avena | C26: =Clasificador!C9 -> 2023/2024 | D26: =Clasificador!E9 -> TRUE | E26: =Clasificador!F9 -> TRUE | F26: =Clasificador!I9 -> FALSE | G26: =Clasificador!J9 -> TRUE | H26: =TRUE() -> TRUE | I26: =TRUE() -> TRUE | J26: =FALSE() -> FALSE | K26: =TRUE() -> TRUE | L26: =IF(AND(D26=H26,E26=I26,F26=J26,G26=K26),"OK","REVISAR") -> OK
A27: =Clasificador!A10 -> Cuyo | B27: =Clasificador!B10 -> avena | C27: =Clasificador!C10 -> 2024/2025 | D27: =Clasificador!E10 -> TRUE | E27: =Clasificador!F10 -> TRUE | F27: =Clasificador!I10 -> FALSE | G27: =Clasificador!J10 -> TRUE | H27: =TRUE() -> TRUE | I27: =TRUE() -> TRUE | J27: =FALSE() -> FALSE | K27: =TRUE() -> TRUE | L27: =IF(AND(D27=H27,E27=I27,F27=J27,G27=K27),"OK","REVISAR") -> OK
A28: =Clasificador!A11 -> NOA | B28: =Clasificador!B11 -> lenteja | C28: =Clasificador!C11 -> 2019/2020 | D28: =Clasificador!E11 -> FALSE | E28: =Clasificador!F11 -> FALSE | F28: =Clasificador!I11 -> FALSE | G28: =Clasificador!J11 -> FALSE | H28: =FALSE() -> FALSE | I28: =FALSE() -> FALSE | J28: =FALSE() -> FALSE | K28: =FALSE() -> FALSE | L28: =IF(AND(D28=H28,E28=I28,F28=J28,G28=K28),"OK","REVISAR") -> OK
A29: =Clasificador!A12 -> NOA | B29: =Clasificador!B12 -> lenteja | C29: =Clasificador!C12 -> 2020/2021 | D29: =Clasificador!E12 -> FALSE | E29: =Clasificador!F12 -> TRUE | F29: =Clasificador!I12 -> FALSE | G29: =Clasificador!J12 -> FALSE | H29: =FALSE() -> FALSE | I29: =TRUE() -> TRUE | J29: =FALSE() -> FALSE | K29: =FALSE() -> FALSE | L29: =IF(AND(D29=H29,E29=I29,F29=J29,G29=K29),"OK","REVISAR") -> OK
A30: =Clasificador!A13 -> NOA | B30: =Clasificador!B13 -> lenteja | C30: =Clasificador!C13 -> 2021/2022 | D30: =Clasificador!E13 -> FALSE | E30: =Clasificador!F13 -> TRUE | F30: =Clasificador!I13 -> FALSE | G30: =Clasificador!J13 -> FALSE | H30: =FALSE() -> FALSE | I30: =TRUE() -> TRUE | J30: =FALSE() -> FALSE | K30: =FALSE() -> FALSE | L30: =IF(AND(D30=H30,E30=I30,F30=J30,G30=K30),"OK","REVISAR") -> OK
A31: =Clasificador!A14 -> NOA | B31: =Clasificador!B14 -> lenteja | C31: =Clasificador!C14 -> 2022/2023 | D31: =Clasificador!E14 -> FALSE | E31: =Clasificador!F14 -> FALSE | F31: =Clasificador!I14 -> TRUE | G31: =Clasificador!J14 -> FALSE | H31: =FALSE() -> FALSE | I31: =FALSE() -> FALSE | J31: =TRUE() -> TRUE | K31: =FALSE() -> FALSE | L31: =IF(AND(D31=H31,E31=I31,F31=J31,G31=K31),"OK","REVISAR") -> OK
A32: =Clasificador!A15 -> NOA | B32: =Clasificador!B15 -> lenteja | C32: =Clasificador!C15 -> 2023/2024 | D32: =Clasificador!E15 -> FALSE | E32: =Clasificador!F15 -> TRUE | F32: =Clasificador!I15 -> TRUE | G32: =Clasificador!J15 -> TRUE | H32: =FALSE() -> FALSE | I32: =TRUE() -> TRUE | J32: =TRUE() -> TRUE | K32: =TRUE() -> TRUE | L32: =IF(AND(D32=H32,E32=I32,F32=J32,G32=K32),"OK","REVISAR") -> OK
A33: =Clasificador!A16 -> NOA | B33: =Clasificador!B16 -> lenteja | C33: =Clasificador!C16 -> 2024/2025 | D33: =Clasificador!E16 -> FALSE | E33: =Clasificador!F16 -> TRUE | F33: =Clasificador!I16 -> FALSE | G33: =Clasificador!J16 -> FALSE | H33: =FALSE() -> FALSE | I33: =TRUE() -> TRUE | J33: =FALSE() -> FALSE | K33: =FALSE() -> FALSE | L33: =IF(AND(D33=H33,E33=I33,F33=J33,G33=K33),"OK","REVISAR") -> OK
A35: Resultado: | B35: =COUNTIF(L19:L33,"OK")&" de "&ROWS(L19:L33)&" casos coinciden con el CSV original" -> 15 de 15 casos coinciden con el CSV original
A37: Nota: los valores (CSV) son SI/NO del archivo original, convertidos a VERDADERO/FALSO.
